customer_id,recency,frequency,monetary_value
1,8,11,3018.09
2,129,3,2226.26
5,17,6,2394.94
8,23,9,5364.39
9,79,6,2353.11
12,68,7,3540.03
13,28,7,4337.38
14,48,3,1713.9
15,36,6,1728.39
16,100,5,4521.84
17,1,5,2015.61
18,135,7,3543.38
19,281,2,1736.45
20,32,4,3608.28
21,7,5,4229.41
24,18,7,3689.35
25,6,12,5333.66
26,260,2,268.24
27,144,7,3274.25
28,84,6,3366.56
29,23,9,6175.3
31,90,4,426.11
32,139,7,2823.12
33,39,6,5150.45
35,93,4,3706.51
36,164,2,204.36
37,8,9,6338.49
38,51,4,2025.34
39,35,12,6085.17
40,15,5,3272.7
41,30,8,4531.68
42,112,4,427.04
43,62,9,3619.95
44,36,7,4768.28
45,44,3,1048.15
47,36,7,4332.19
48,83,8,5561.08
49,37,4,2636.43
50,27,7,4153.41
51,56,8,4855.4
53,8,5,2950.07
54,68,7,4098.21
55,47,8,3220.86
56,3,7,1275.24
57,36,6,5117.96
58,21,8,3501.37
59,23,3,2628.37
61,48,6,4254.24
63,69,3,2190.05
64,4,5,546.68
65,137,5,3799.97
66,44,4,3333.86
67,117,5,1203.29
68,85,3,3842.56
69,21,6,5294.75
70,5,5,2736.9
71,132,1,155.65
72,23,4,2559.78
73,169,6,2316.51
75,61,8,4979.94
76,2,8,2868.16
77,102,3,1657.58
78,212,2,82.26
79,48,5,1860.29
80,29,10,5988.86
82,79,5,2924.37
83,81,6,1798.2
84,29,7,2295.22
85,38,6,563.37
86,1,9,2360.09
87,19,9,3740.76
88,75,6,2534.33
89,5,9,5779.65
90,31,7,2990.73
91,10,8,5242.41
92,35,3,2967.44
93,80,3,2976.41
94,34,7,4902.21
95,39,4,3050.81
96,71,3,1135.25
97,103,8,4911.21
98,142,4,1620.75
99,3,9,4557.65
100,12,2,877.4
101,9,4,2589.89
102,43,7,2587.01
103,117,4,895.45
104,65,7,3112.8
105,90,4,3475.04
106,2,3,2513.69
107,82,4,2343.97
109,9,10,4430.66
111,148,4,3014.53
112,48,6,5742.19
113,176,5,2200.48
114,71,4,2195.26
115,15,8,3135.87
116,13,8,2447.54
117,6,10,6917.34
118,70,5,3550.1
119,31,4,4217.24
120,130,2,869.32
121,112,4,2892.09
122,9,5,2695.22
123,192,4,3245.75
124,3,7,4054.25
125,84,9,3303.88
126,12,3,1096.46
127,24,10,3993.71
128,138,4,2193.06
129,179,4,2753.75
130,77,2,1779.58
131,206,6,5494.91
132,8,6,2780.72
133,27,5,803.89
134,15,6,2946.42
135,116,6,3254.07
136,21,8,3543.2
137,28,5,1496.45
138,65,7,3377.12
139,27,9,5161.44
140,4,6,2699.9
141,160,3,2138.35
142,5,11,3917.34
143,14,4,2474.77
144,7,8,4888.02
145,29,7,3140.3
146,195,2,217.06
147,35,6,5034.16
148,44,5,3268.4
149,19,4,1680.66
150,76,4,2446.51
151,1,7,5665.41
152,159,2,1966.88
153,65,7,5522.51
154,24,5,683.63
155,9,3,1088.42
156,17,5,3095.37
157,136,2,183.2
158,66,6,4627.35
159,67,6,2935.37
160,94,2,2614.16
162,99,3,1329.61
163,115,2,1101.28
164,199,3,786.14
165,9,8,6107.04
166,64,7,4063.66
168,137,8,5800.6
169,62,3,696.26
170,335,2,1328.03
171,19,8,4833.14
172,12,7,2348.66
173,16,9,6549.51
174,12,10,7628.24
175,65,5,2170.54
176,23,4,3025.56
177,38,11,3980.14
179,41,3,1814.59
180,12,7,4065.35
181,51,5,2365.24
182,14,7,5409.12
183,103,6,3187.84
184,33,3,2181.35
186,24,6,2166.17
187,15,7,3014.88
188,16,6,2658.87
189,4,5,5329.98
190,208,3,699.48
191,106,1,834.94
192,80,4,1519.47
193,25,5,2551.5
194,109,3,2608.28
195,1,7,9633.41
196,147,8,3738
198,59,9,6631.87
199,16,4,2650.53
200,8,9,7283.86
201,29,7,4159.18
202,19,3,1295.91
203,12,5,1481.12
204,28,8,6287.29
205,53,9,2008.27
206,78,4,3816.65
208,28,5,3342.02
209,108,5,3081.07
210,23,6,2957.03
211,40,9,4090.05
212,188,2,1790.41
213,29,10,7534.48
214,57,5,1595.73
215,4,8,3889.39
216,17,4,2152.05
218,15,4,1476.17
219,41,6,1688.33
220,16,6,4304.11
221,19,6,3865.68
222,21,2,1428.06
223,53,6,4082.09
224,2,5,2461.79
225,38,3,1587.55
226,117,2,1173.86
227,27,5,3906.03
228,78,5,3719.75
230,37,10,4745.01
231,46,4,2344.52
232,142,6,3157.59
233,18,6,2187.09
234,12,9,5763.13
235,3,11,4685.82
236,7,4,2434.64
237,27,8,3635.04
238,108,5,3112.57
239,2,9,5928.23
240,89,5,1893
241,48,4,1922.82
242,132,7,2558.7
243,75,5,2193.55
245,13,5,2213.02
246,28,9,3174.16
247,113,7,4913.16
248,135,6,3059.94
249,48,9,2236.13
250,32,6,2963.23
251,39,4,1210
252,63,5,2597.64
253,18,4,1116.15
254,42,7,6780.95
255,58,11,6813.82
256,1,5,1728.66
257,93,5,3650.53
258,19,5,1642.58
259,28,4,2124.65
260,9,9,3381.41
261,51,9,4033.15
263,47,7,3476.94
264,131,3,198.14
265,80,4,2692.91
266,33,4,1742.83
268,70,4,2713.19
269,169,5,1668.85
270,8,7,4625.21
271,203,2,1026.27
272,92,7,3842.07
273,29,10,6519.24
274,150,4,790.06
275,133,6,4126.6
277,22,3,1757.29
278,249,1,827.16
279,15,6,2455.93
280,44,10,6304.71
281,10,4,2233.67
282,70,2,624.15
283,92,5,4792.79
284,134,5,3251.42
285,8,6,2626.74
286,156,3,1737.19
289,45,9,3924.11
290,12,5,3368.28
291,41,2,605.01
292,59,7,3631.6
293,11,5,1991.93
294,116,7,5509.67
295,35,7,4539.9
297,9,4,3599.18
298,9,9,4382.48
299,93,7,6897.92
300,157,5,3475.9
301,94,2,89.71
303,44,3,3247.08
304,81,9,2785.04
305,34,6,2229.28
306,124,2,239.35
307,16,8,3465.61
308,26,6,4086.21
309,10,4,2208.58
310,9,7,4744.19
311,62,6,4054.48
312,14,5,4570.38
313,18,6,3186.63
314,21,8,3200.15
315,28,9,2200.11
316,12,4,2158.71
317,81,4,2766.27
318,10,7,3632.18
320,13,10,7204.66
321,13,5,2006.18
322,2,11,10336.77
323,36,6,2020.73
324,22,5,1779.7
325,134,6,4465.08
326,162,3,1201.25
327,17,5,3498.63
328,5,8,2357.8
329,35,6,3618.01
330,108,6,5296.8
331,83,6,4404.67
332,264,2,239.35
333,23,6,3186.72
334,57,6,2127.59
335,25,2,456.99
337,38,6,3388.82
339,59,5,4327.24
341,135,2,955.08
342,94,3,468.86
343,134,8,3914.16
345,20,7,3971.46
346,13,9,6420.7
347,60,7,8326.37
348,126,6,2071.99
349,167,5,1669.26
350,5,6,1008.71
351,12,2,1438.62
352,26,6,4404.4
353,24,11,6792.83
354,68,6,3101.72
355,46,5,2662.75
356,62,5,2358
357,16,8,4455.49
358,71,2,1405.99
359,9,10,2921.76
360,9,5,5070.23
361,147,7,3428.15
362,90,4,463.02
363,15,6,9458.17
364,12,6,3329.97
365,51,7,4724.04
366,116,6,2692.7
367,44,5,2022.2
369,102,8,3931.77
371,10,5,5004.52
372,32,8,2598.13
373,224,1,1103.43
374,14,6,5271.75
375,92,4,488
376,44,3,368.17
377,7,11,4124.42
378,125,7,3236.32
380,36,8,6196.16
381,3,8,4534.24
382,36,7,1657.45
383,52,3,987.49
385,79,9,5220.52
386,67,5,2415.97
387,32,3,3417.78
389,114,6,2123.26
390,77,4,459.7
392,102,7,5025.31
393,147,2,866.58
394,46,8,5445.46
395,31,6,3528.19
396,30,6,4647.13
397,46,5,2618
399,94,5,4610.64
400,135,5,2688.92
401,30,7,3643.03
402,57,6,4965.43
403,57,5,2358.26
404,19,8,4874.55
406,107,5,3445.01
407,10,9,4096.06
408,18,5,3082.28
409,14,4,2267.84
410,7,7,2177.93
411,188,5,2553.83
413,168,5,3822.8
414,48,6,2304.56
415,249,2,1490.77
416,89,4,2348.41
417,71,7,3807.64
419,15,7,5027.37
420,60,10,3652.17
421,57,6,3952.15
423,142,5,1589.82
424,75,6,4053.59
425,26,7,7388.6
426,60,8,5302.9
427,110,4,2515.68
428,52,8,3355.11
429,19,7,2356.83
430,66,6,5625.17
431,139,1,1215.34
432,22,8,5110.17
433,16,8,3244.19
435,103,4,4727.75
436,51,3,2124.71
437,49,6,3045.6
438,52,8,7692.39
439,100,5,2621.23
440,12,8,2481.19
441,63,3,1750.76
444,46,7,3807.46
445,25,11,8081.86
446,53,8,5363.3
447,1,5,2690.73
448,189,4,2413.08
449,134,6,3292.4
450,83,3,2440.73
451,67,6,2560.37
452,25,5,1561.59
453,42,8,2292.05
454,50,7,4738.75
455,68,3,1600.9
456,89,5,2183.1
457,116,5,3680.34
458,27,5,1247.24
459,39,5,2402.4
460,77,3,1862.01
461,21,8,5722.38
463,68,6,3501.72
465,5,6,3488.79
467,170,6,3850.32
468,95,6,4063.59
469,102,10,4177.21
470,10,7,1890.57
471,49,6,3918.11
472,50,5,3309.79
473,116,9,8364.66
474,98,2,1520.73
475,25,7,2907.28
476,10,4,1353.61
477,36,5,3375.06
478,4,9,3320.21
480,18,2,644.02
481,15,2,1617.21
483,41,7,2307.78
484,20,4,1600.54
485,15,6,2715.28
486,92,5,4915.77
487,140,2,687.51
488,28,6,1043.64
489,125,5,2073.68
490,54,9,4593.01
491,69,7,2735.71
492,90,4,2707.9
493,76,3,151.94
494,134,2,784.43
495,129,6,4087.04
496,46,4,1310.77
498,8,7,4982.41
499,56,11,4043.58
500,25,8,3977.81
501,183,3,1264.13
502,167,4,2508.81
503,84,3,1280.64
504,137,8,2714.76
506,57,10,6985.24
508,156,4,2587.54
509,90,6,4389.73
511,12,4,1152.63
512,96,4,1136.34
513,15,5,4222.14
514,124,5,2144.29
515,15,8,5916.69
516,20,10,4722.21
517,11,6,2632.16
518,262,3,938.25
520,17,5,819.26
521,155,2,624.9
523,19,6,2795.77
524,139,7,2024.53
525,120,8,3584.83
526,155,3,1111.55
527,44,2,1694.76
528,135,6,4150.06
529,13,6,2339.14
530,163,3,1751.35
531,62,5,1761.46
532,29,5,2963.81
533,3,6,5387.05
534,7,8,4809.95
536,33,3,2832.06
537,50,3,825.73
538,5,6,5619.99
540,80,6,1821.03
542,39,6,2098.52
543,1,5,1924.15
544,174,4,2246.42
545,7,6,5665.79
546,38,5,4449.53
547,75,6,2901.19
549,41,8,3751.75
551,153,4,2850
552,160,4,1577.7
553,20,6,2566.27
554,39,3,1670.67
555,166,4,3505.63
556,10,5,3985.03
558,36,6,3368.76
559,7,4,1824.48
560,42,6,3583.46
561,29,6,2891.59
562,37,5,2125.01
563,34,7,1931.13
564,12,6,2143.39
565,105,10,7079.07
566,53,3,2145.56
568,92,7,1258.1
569,99,4,6084.14
570,36,6,3446.07
571,73,3,2284.98
572,14,6,2600.44
573,106,2,1618.83
574,278,4,2172.41
575,249,2,714.24
576,8,6,4580.35
578,200,7,2754.81
579,53,9,4204.6
580,25,5,2185.51
581,54,4,2223.55
582,150,4,2744.6
583,32,4,2258.19
584,133,4,1270.21
585,98,6,2174.5
586,91,3,2562.47
587,54,6,3293.38
588,20,5,3603.85
589,11,3,1397.9
590,44,11,6119.6
591,222,2,484.96
592,200,4,1071.53
593,2,6,3493.8
594,34,9,6630.72
595,185,3,2011.16
596,86,3,3836.34
597,62,5,1830.39
598,132,7,3535.56
599,116,5,4319.14
600,207,3,1854.78
601,59,5,1423.44
602,78,5,2568.76
603,50,7,3148.1
604,70,6,4661.96
605,3,8,5025.64
606,56,6,2488.53
607,59,9,6998.39
608,86,8,4050.11
609,37,4,2168.73
610,47,9,3399.91
611,4,8,3500.44
612,88,3,665.43
613,4,6,2098.59
615,43,4,3620.88
617,21,4,2313.43
618,309,2,1202.39
619,66,7,3378.35
620,104,8,1981.3
621,3,9,6126.81
623,94,3,1636.89
624,91,3,3352.89
625,17,6,2326.08
626,55,9,3437.37
628,55,5,1313.86
629,65,8,2245.43
630,54,7,3717.21
631,17,6,1767.39
632,42,3,1726.61
633,2,7,3328.45
634,18,7,2853.18
635,40,6,1220.61
636,20,7,4418.9
637,8,13,5402.47
639,9,6,2516.35
640,11,8,4278.6
641,203,4,2456.51
642,25,7,2724.29
643,198,4,2308.04
644,158,3,550
645,117,7,5192.72
646,111,4,2533.41
647,43,9,5279.19
648,58,7,4222.63
649,12,5,263.54
650,51,6,2904.69
651,19,3,3473.32
652,6,9,2488.9
653,38,5,2623.84
654,29,3,1374.9
655,52,6,5753.88
656,11,8,3749.56
657,176,5,2529.9
658,98,5,2596.17
660,13,4,3839.45
661,35,6,3308.09
662,87,7,3873
663,74,4,2132.79
664,85,4,1036.09
665,86,7,5204.2
666,42,5,2459.76
667,20,5,3802.78
668,7,7,4375.98
669,9,11,5513.28
670,117,4,1542.17
672,51,3,3633.14
673,3,5,2058.7
674,116,6,3008.86
675,1,3,1396.62
676,34,6,2894.85
677,72,5,940.36
678,95,3,1606.99
679,63,10,3551.24
681,8,6,2244.19
682,21,7,5428.94
684,43,8,2431.6
685,103,6,5218.2
686,38,5,2073.81
687,9,6,812.72
688,82,4,2967.8
689,13,3,541.33
690,65,5,2848.24
692,51,9,5027.49
694,8,5,2400.83
695,17,8,4659
696,22,6,1879.14
697,12,4,3996.6
698,77,3,1295.96
699,56,3,976.24
701,33,6,2215.56
702,63,3,1905.88
704,11,10,4034.46
705,12,4,502.12
706,31,6,7109.4
707,45,6,3368.2
708,176,3,2145.83
709,147,5,3243.3
710,40,6,5201.39
713,256,4,1891.1
715,159,3,2410.24
716,13,6,3777.53
717,15,6,1857.27
718,35,8,2164.08
719,12,7,4083.58
720,21,10,7212.17
721,5,7,6579.62
722,88,5,2934.44
723,16,8,3489.96
724,24,8,5073.27
725,4,11,7321.5
726,55,3,2965.76
727,62,6,3970.03
728,26,9,6411.76
729,2,9,8953.17
730,15,7,3182.99
732,65,5,3269.12
734,90,3,1140.15
735,88,4,3025.33
736,12,5,4107.89
737,55,7,4480.09
739,2,10,4842.2
742,11,6,1246.11
743,90,4,3908.8
744,24,5,1267.68
746,44,6,1779.16
747,36,2,571.38
748,47,9,3516
749,81,9,1830.72
750,59,6,5391.71
751,131,2,96.62
752,21,8,2952.01
754,211,2,93.01
755,96,3,847.22
756,26,6,2121.61
757,73,5,2946.73
759,24,8,2646.67
760,27,9,4847.05
761,146,5,1896.39
762,86,5,2347.98
763,75,6,3894.51
764,80,3,1364.06
767,43,5,2438.84
768,6,9,5580.57
769,20,8,5070.24
770,50,6,4457.48
772,3,5,2879.19
774,144,1,144.26
775,59,7,2862.33
776,14,9,2201.86
777,28,6,3184.33
778,264,3,698.81
779,83,4,1186.41
780,89,3,798.62
781,126,5,2256.31
782,26,5,3431.83
783,97,5,3498.86
784,144,2,304.07
785,19,5,507.87
788,40,5,2415.09
789,5,8,2892.76
790,15,8,4889.11
791,124,6,3819
792,18,6,3295.65
793,2,10,4778.33
794,23,7,4248.67
795,19,5,2785.98
796,7,7,3815.93
797,22,4,2277.96
798,22,3,1691.81
799,11,11,7142.2
800,86,6,3239.48
801,183,2,254.63
802,96,6,2893.2
803,67,6,1746.55
804,42,3,3065.9
805,123,6,2795.75
806,32,4,2189.57
807,81,4,2491.13
808,124,3,2119.72
809,46,4,492.74
810,69,4,945.16
811,175,3,496.62
813,51,5,1633.61
814,49,3,2154.13
816,54,3,945.85
817,17,5,2328.93
818,41,6,3028.84
819,44,5,2558.04
821,34,5,2925.75
822,329,1,802.26
823,24,6,5811.3
824,10,4,4137.78
825,11,6,1352.35
826,5,4,1454.61
829,13,6,4600.24
830,150,6,2506.27
831,12,5,1883.59
832,18,11,8366.15
833,26,8,4776.1
834,19,4,722.3
835,8,8,3225.92
836,73,4,1768.44
837,158,3,1335.81
838,42,4,1966.08
839,107,4,826.26
840,39,6,3320.09
841,151,7,8330.09
842,56,3,1727.32
843,3,6,2372.09
844,32,9,4730.32
845,126,3,672.39
846,83,3,2129.34
847,115,4,2521.58
848,141,4,1964.52
849,28,6,4284.21
850,35,8,2838.72
851,10,4,3245.12
853,65,9,7263.66
854,9,4,2074.13
855,105,4,3050.76
856,2,7,2912.65
857,25,5,3721.92
858,12,6,2708.6
859,19,6,2289.06
861,55,5,1009.34
862,55,1,309.81
863,70,4,703.62
865,122,7,4261
866,99,5,4753.84
867,294,5,4295.02
868,84,6,5534.83
870,101,7,3818.97
872,172,1,75.48
873,32,5,3226.46
875,64,6,4796.96
876,17,3,1171.02
877,18,9,4918.87
878,80,3,2809.75
880,63,3,1751.72
881,148,3,2481.43
883,48,4,705.35
884,2,5,2770.85
885,8,3,863.68
886,2,7,4067.65
888,69,5,2278.7
889,37,5,2357.69
890,166,4,1561.06
891,13,4,1998.58
892,91,10,3941.7
893,76,7,4868.87
894,49,8,3564.27
896,39,4,1669.89
897,130,6,4080.84
898,206,1,179.44
899,50,6,1274.48
900,13,4,780.7
902,15,9,6003.05
904,38,4,1496.79
905,106,8,3553.28
906,17,9,4473.87
907,27,7,1370.37
909,190,5,5289.22
910,273,2,1346.38
911,57,5,633.35
912,41,7,4164.21
914,107,5,2530.93
915,29,4,425.19
916,37,4,3465.07
917,36,8,5392.89
918,17,5,4066.24
919,81,9,4458.89
920,91,6,4144.19
921,45,7,6285.75
922,189,1,41.13
923,33,7,3337.16
924,110,8,3479.51
925,13,9,4371.16
926,13,5,1258.52
927,296,3,1982.12
928,12,8,2798.72
929,57,5,2540.35
930,148,2,150.89
931,71,5,2890.06
932,4,6,2121.73
933,1,5,2817.63
934,1,7,4689.76
935,54,7,5502.11
936,33,11,8661.63
937,16,5,2680.15
938,62,8,4803.95
939,32,4,1818.27
940,53,5,3256.14
941,34,10,11668.95
942,214,2,1859.17
943,113,6,5300.95
945,15,7,3812.27
946,3,8,6305.6
947,81,5,2981.52
948,101,3,1422.85
949,89,6,3644.49
950,33,7,3609.09
951,7,6,1740.61
952,47,5,3569.98
954,114,4,3624
955,14,7,1429.36
956,174,3,936.98
957,39,5,2632.09
958,35,6,2183.71
959,77,6,2178.44
960,79,4,3516.37
961,65,3,1035.31
962,3,7,2344
963,61,12,4779.13
964,2,5,2018.6
965,61,4,3867.74
966,14,4,527.74
967,67,4,3798.35
968,36,6,4223.16
969,18,5,2793.05
970,34,5,2840.81
971,49,5,4015.78
972,176,2,2159
973,9,8,6639.85
974,7,6,3250.13
975,11,8,3962.88
976,171,6,3830.68
977,42,5,2449.15
978,193,5,2890.84
979,6,5,3756.91
980,178,4,2640.55
982,56,6,943.93
984,57,8,2294.43
985,15,4,1690.91
986,76,8,4272.97
987,23,8,5180.26
988,113,2,243.94
989,26,4,3380.34
990,12,7,2353.49
991,148,6,2655.6
993,1,9,2738.89
994,43,5,2069.64
995,12,7,6764.67
996,64,5,4593.26
997,60,7,2923.29
998,322,2,585.45
999,77,9,8413.66
1000,1,9,5383.48
1001,43,7,2884.19
1002,156,4,2254.56
1003,48,9,5300.38
1004,204,6,3600.94
1005,160,5,4365.25
1006,38,8,4687.53
1008,18,4,2523.53
1009,55,4,2370.78
1010,127,3,386.36
1011,243,3,1399.44
1012,10,4,2704.39
1013,96,6,2463.79
1014,5,7,3933.79
1015,27,6,2136.87
1016,67,6,1087.02
1017,227,3,2858.89
1018,27,5,2497.8
1019,43,4,2340.43
1021,29,8,5048.26
1022,84,5,6444.49
1024,35,8,4560.56
1025,61,8,1800.12
1027,25,6,1449.44
1028,9,7,7562.68
1029,31,6,3660.06
1030,40,8,4698.6
1031,47,2,1320.52
1032,31,8,3191.12
1035,14,3,485.46
1036,163,5,3787
1037,74,7,2257.88
1038,13,4,2079.2
1040,162,4,1768.43
1042,36,3,2771.37
1043,171,7,5718.21
1044,113,5,2205.27
1046,53,5,1985.1
1047,58,7,2026.54
1048,134,6,1600.67
1049,33,10,4486.32
1050,27,6,2535.63
1051,180,5,1294.69
1052,1,6,3260.32
1054,6,8,3406.16
1055,207,2,343.24
1056,25,7,3954.42
1057,113,3,2488.8
1058,117,3,759.57
1059,23,2,1618.83
1060,188,6,2475.28
1061,25,6,1137.94
1062,3,6,4450.85
1063,47,6,3112.69
1064,140,3,1398.4
1065,80,6,2753.32
1066,167,3,1396.98
1067,233,2,741.97
1069,205,5,1982.69
1070,1,4,3559.49
1072,47,3,2102.32
1073,18,6,2723.99
1074,17,8,4053.68
1075,68,6,2242.12
1076,10,12,8104.54
1078,19,5,899.97
1079,18,4,2306.99
1080,48,3,1857.62
1081,12,5,3227.89
1082,48,5,2832.7
1083,267,2,880.99
1084,5,10,6522.83
1085,65,4,1081.65
1086,14,9,4705.65
1087,15,3,1521.57
1088,14,6,3595.32
1089,152,7,2349.29
1090,72,7,1529.01
1092,203,5,1245.27
1093,100,9,7159.69
1094,44,7,3632.3
1095,15,4,4498.34
1096,56,5,2086.85
1097,189,3,666.79
1098,9,8,3879.14
1099,111,2,183.2
1100,46,3,1051.23
1101,114,5,4267.42
1102,22,8,5025.44
1103,33,12,7367.88
1104,12,7,2568.97
1105,17,2,2712.57
1106,25,9,5691.61
1107,49,5,1843.57
1108,13,4,1338.61
1109,209,3,683.2
1110,18,6,4574.1
1111,21,7,2561.15
1113,27,9,6072.48
1114,65,4,1774.12
1115,3,9,4631.23
1116,8,3,4053.92
1117,137,9,2524.53
1118,39,4,1858.97
1120,2,5,912.94
1121,8,2,327.07
1124,45,3,2742.04
1125,30,5,2839.93
1126,20,4,2135.37
1127,137,4,2285.05
1128,27,5,3388.35
1129,27,13,6790.69
1130,118,5,3784.98
1131,54,7,4703.33
1132,45,8,3203.16
1134,4,6,1622.98
1135,165,3,1758.98
1136,36,5,3394.1
1137,6,9,4837.19
1138,125,6,5174.44
1139,70,4,1434.57
1140,7,11,6541.05
1142,39,4,1841.73
1143,5,5,3277.77
1144,18,7,5961.25
1146,74,2,1294.4
1147,166,6,4173.67
1148,9,3,1689.75
1149,189,4,2393.31
1150,104,5,6308.28
1151,76,5,3449.31
1152,25,8,4516.14
1153,18,5,2501.78
1154,132,6,958.31
1155,30,7,2332.45
1156,41,4,2559.66
1157,86,7,5037.46
1158,3,6,4437.32
1159,7,4,2352.28
1160,164,3,684.52
1161,13,4,2669.74
1162,137,4,1675.31
1163,49,5,1775.01
1164,154,3,346.89
1165,11,9,3286.35
1166,15,6,2539.71
1167,11,4,2641.93
1168,60,7,6128.86
1169,63,7,4318.2
1170,87,5,3351.7
1171,35,9,3879.32
1172,45,5,3329.47
1173,109,3,348.62
1174,9,3,1854.13
1175,219,2,1153.84
1176,78,4,842.15
1177,88,8,2447.05
1178,45,8,5167.23
1179,8,4,5068.44
1180,60,4,2305.11
1181,45,10,4513.06
1182,6,6,3597.45
1183,154,5,4140.91
1184,6,6,4314.89
1185,10,3,773.81
1186,38,4,1369.65
1188,19,2,2299.82
1189,48,4,1472.66
1190,7,6,2008.23
1191,44,8,1339.27
1192,80,5,1397.38
1193,37,4,962.22
1194,29,8,4148.57
1195,20,5,3463.81
1196,19,6,1455.38
1197,8,4,1559.13
1198,69,6,2323.92
1199,44,8,2037.32
1200,80,8,2844.9
1202,86,2,412.85
1203,8,1,830.24
1204,201,1,110.56
1205,69,6,3731.75
1206,84,2,889.72
1207,14,6,1108.2
1208,78,5,3238.37
1209,132,2,1809.69
1210,18,8,4716.72
1211,235,4,1495.94
1212,72,3,2331.63
1213,70,7,5490.29
1214,24,4,3652.09
1215,78,8,3118.98
1216,8,3,2141.64
1217,11,7,3270.61
1220,67,5,2476.27
1221,10,7,1500.49
1222,52,3,667.99
1223,35,7,1544.81
1224,48,7,4250.74
1225,59,4,2078.59
1226,25,5,937.44
1227,62,12,4101.86
1228,133,4,922.34
1229,20,9,3005.63
1231,176,2,1718.61
1232,5,9,5011.9
1234,86,7,2048.65
1235,82,2,3332.8
1236,42,4,3078.59
1237,24,10,5731.25
1238,102,4,297.58
1240,6,4,3015.05
1241,76,7,1844.56
1242,18,2,1085.74
1243,200,9,4544.16
1244,20,5,1968.68
1245,72,7,2596.23
1247,91,4,2848.94
1248,68,1,182.81
1250,36,10,6093.26
1251,62,4,1481.07
1252,10,7,4548.31
1253,5,4,1948.45
1254,38,7,3436.5
1256,82,6,2068.61
1257,257,3,1791.15
1258,53,8,5441.22
1259,42,7,3342.13
1260,67,5,2195.24
1261,49,6,1584.5
1262,44,3,1355.38
1263,43,6,2951.02
1265,8,4,1195.61
1266,258,2,3405.1
1267,142,4,2557.49
1269,212,3,935.06
1270,206,4,2113.08
1271,188,2,950.12
1273,24,3,1551.75
1274,15,9,3532.37
1275,150,6,1540.08
1276,101,2,969.91
1277,56,3,1197.91
1278,65,4,721.51
1279,53,6,2422.29
1280,107,4,2799.42
1281,88,3,1186.61
1282,39,8,5521.41
1283,94,2,1012.1
1284,79,3,106.5
1285,119,7,5553.4
1286,52,7,2415.24
1287,68,7,5456.97
1288,23,4,1524.58
1290,45,9,7616.04
1291,17,7,5147.26
1293,240,5,4736.69
1295,30,6,1882.9
1296,131,4,2793.27
1297,3,6,2424.53
1298,142,5,4113.36
1299,7,7,5957.78
1300,21,6,6148.62
1301,13,8,2178.71
1302,30,13,5336.73
1304,4,6,2321.06
1305,143,5,2825
1306,137,5,4077.19
1307,91,9,4526.73
1308,16,5,4757.96
1309,83,4,1400.32
1310,21,5,2289.27
1311,48,3,2188.45
1312,27,4,1292.6
1313,8,7,4753.51
1314,28,5,2894.17
1316,33,5,2152.88
1317,11,9,7024.71
1318,8,7,3500.74
1321,104,7,2398.25
1322,64,4,4008.84
1323,54,7,1695.38
1324,75,6,2011.93
1325,83,1,104.24
1326,11,6,3581
1327,7,5,2848.5
1328,1,7,5351.58
1329,5,10,6968.55
1330,76,6,5101.12
1331,6,10,6252.43
1332,36,7,4492.34
1333,8,3,1924.18
1334,241,2,719.98
1336,79,6,3595.91
1337,84,6,3417.42
1338,232,2,234.36
1339,103,5,4713.22
1340,29,8,2120.42
1341,11,4,1213.75
1343,21,3,1317.16
1344,22,3,628.57
1345,44,6,5170.95
1346,16,9,6736.53
1347,92,6,3745.36
1348,115,5,5915.86
1349,44,6,1905.16
1350,117,2,1235.26
1351,18,6,4638.66
1352,89,3,1151.6
1353,15,8,2789.25
1354,75,3,2464.54
1355,9,5,2713.72
1356,23,6,3853.42
1357,13,9,4732.84
1358,4,8,4113.04
1359,13,2,1550.82
1360,182,3,1906.15
1361,29,6,2536.58
1362,119,2,1736.45
1363,25,7,2744.34
1364,65,4,1033.89
1365,218,4,818.72
1366,55,5,1614.09
1367,12,7,2760.28
1369,179,4,2503.47
1370,27,4,839.27
1371,27,4,1270.94
1372,67,6,2935.68
1375,83,5,1849.91
1376,90,6,4576.53
1377,76,5,2814.08
1379,29,5,4337.31
1380,199,3,2550.94
1381,114,5,4177.61
1382,123,2,1946.89
1383,58,3,3357.89
1384,37,6,3307.48
1385,143,5,2624.57
1386,107,3,2724.72
1387,216,1,641.64
1388,20,6,3792.12
1390,2,9,3474.54
1391,64,3,2283.83
1392,108,3,3196.27
1395,88,2,1000.17
1396,10,10,7075.58
1397,138,6,4563.95
1398,37,7,5649.83
1399,17,4,2234.62
1400,57,6,4751.72
1402,41,8,3067.58
1403,165,2,685.43
1404,8,10,5426.7
1405,34,11,2281.99
1406,29,6,2396.7
1407,1,9,3796.53
1408,11,3,2731.09
1409,23,4,2564.81
1410,61,7,5597.11
1411,36,6,4268.32
1412,122,4,2223.44
1413,4,6,3277.86
1414,19,2,630.21
1415,58,4,3062.52
1416,115,4,1266.06
1418,87,5,1983.97
1419,23,5,972.79
1420,39,5,2121.64
1421,58,6,2529.62
1422,48,6,1508.13
1423,25,6,3233.09
1424,77,3,1475.88
1425,1,4,3145
1426,49,7,3867.34
1427,60,5,3573.89
1428,16,10,5508.8
1429,32,6,861.62
1430,109,5,1917.01
1431,20,4,955.44
1432,34,6,3727.06
1433,132,3,1908.57
1434,125,2,1127.95
1435,34,7,5393.83
1436,73,5,3404.37
1437,144,3,2636.2
1438,7,10,5503.89
1439,66,3,1005.24
1440,20,6,6362.47
1444,39,5,1281.31
1445,7,6,3423.12
1446,11,7,4495.52
1447,98,7,4553.86
1448,238,1,128.46
1449,15,6,4565.33
1450,43,7,2959.59
1451,84,6,4060.31
1452,3,5,3431.62
1453,1,5,3265.75
1454,6,4,1428.06
1455,33,4,1659.49
1456,9,4,874.93
1457,66,6,1892.83
1458,199,3,3273.33
1459,99,4,4557.6
1460,13,8,10787.6
1462,82,5,2331.52
1463,111,5,2171.73
1464,107,6,873.93
1465,108,4,1429.5
1466,34,3,978.42
1468,110,6,3450.06
1469,75,6,2251.36
1470,2,7,3512.72
1472,70,7,5011.4
1473,33,11,6176.3
1474,67,5,1676.15
1475,47,7,7374.71
1476,25,2,930.46
1477,20,9,5007.94
1478,2,7,3605.39
1479,70,4,1695.66
1480,3,9,2258.7
1481,21,8,2551.05
1482,69,12,9269.16
1483,30,8,4273.54
1484,15,4,1351.15
1485,5,2,526.79
1486,33,5,3681.51
1487,18,2,400.47
1488,41,1,133.38
1489,83,4,379.16
1490,69,4,2182.98
1491,161,3,1591.33
1492,14,7,4645.84
1493,21,10,6117.05
1494,19,10,5221.26
1495,4,2,575.15
1496,54,5,3181.16
1497,183,6,3022.99
1498,41,4,1583.19
1499,126,5,2193.86
1501,54,5,1636.37
1502,27,9,6209.68
1503,161,8,7693.78
1504,6,5,713.22
1505,19,4,3825.71
1508,62,5,3479.01
1509,45,3,1862.95
1510,57,2,2238.37
1511,17,8,3037.58
1512,137,3,2600.06
1513,121,6,2071.14
1514,68,7,3553.83
1515,9,7,2314.6
1516,38,5,4256.32
1517,29,11,5878.15
1518,92,4,1365.79
1519,9,11,3819.53
1521,96,2,824.27
1522,10,5,2089.87
1523,42,3,2105.09
1524,38,8,2724.52
1525,25,3,1909.17
1526,112,5,2573.94
1527,42,8,3855.93
1529,105,1,199.1
1530,2,10,7390.75
1531,43,7,3839.18
1532,4,6,2827.66
1533,105,8,3968.52
1534,47,7,3244.32
1535,105,5,2811.97
1536,34,4,2018.04
1537,27,9,5101.55
1538,2,4,222.78
1539,66,8,3479.18
1540,6,5,1939.36
1541,71,5,3324.89
1542,134,5,1825.32
1543,75,3,1359.46
1544,330,1,903.11
1545,3,7,2637.47
1546,70,6,2501.87
1547,28,9,6523.19
1550,43,6,3172.63
1551,23,7,5171.89
1552,100,5,5400.32
1553,85,4,2002.85
1554,21,7,5636.08
1555,134,7,3107.36
1556,85,5,3519.22
1557,76,6,4684.95
1558,9,9,10640.3
1561,44,8,6918.89
1562,101,3,2606.7
1563,130,4,2877.89
1564,14,3,493.17
1565,10,2,1182.38
1566,87,4,1597.26
1567,25,7,4071.82
1568,140,4,3870.48
1569,54,1,1103.43
1570,34,9,5321.3
1571,4,4,4968.78
1572,83,6,7651.02
1573,65,4,2236.76
1574,74,10,3220.9
1575,87,4,1050.28
1576,38,7,4521.35
1577,13,7,3677
1579,41,10,8102.62
1580,56,8,3225
1581,37,8,2944.09
1582,56,5,1914.2
1583,113,4,3221.08
1584,3,2,1323.66
1585,38,8,3461.65
1586,17,6,4154.02
1587,78,5,635.72
1588,33,7,3628.26
1589,12,6,6738.66
1590,87,3,2248.04
1591,30,11,5968.91
1592,101,4,3348.25
1593,54,6,3818.36
1594,1,5,2617.75
1595,78,7,4891.75
1596,136,3,2786.02
1597,26,11,8710.7
1598,171,5,2317.99
1600,14,9,2924.43
1601,20,4,2317.27
1602,8,4,2997.36
1603,24,4,1488.17
1606,43,4,2602.85
1607,2,5,1681.02
1608,13,3,1206.35
1609,62,5,4041.6
1610,9,5,3556.15
1611,42,12,5450.34
1612,68,2,2932.82
1616,24,7,6150.25
1617,6,5,2977.19
1618,29,2,643.43
1619,85,10,7031.79
1620,217,2,1149.25
1621,83,5,1162.24
1622,48,3,1506.34
1623,3,6,3362.55
1624,4,6,1627.22
1625,10,8,8499.59
1626,256,2,1326.15
1627,25,8,4834.08
1628,134,2,2659.57
1629,2,7,6051.87
1630,24,3,1915.23
1631,132,4,2638.26
1632,282,1,709.34
1633,18,3,2548.92
1634,30,4,1537.06
1635,140,4,1319.52
1636,41,5,3274.29
1637,144,7,4039.88
1638,12,4,4046.88
1640,63,7,1871.87
1641,64,9,4326.2
1642,85,5,2307.49
1644,23,7,4938.15
1645,91,7,1411.7
1646,27,7,4487.52
1648,14,4,2124.93
1649,72,2,2891.15
1650,11,5,1860.19
1651,98,5,694.38
1652,97,6,2662.39
1654,85,4,1179.61
1655,17,3,1337.55
1656,85,6,2256.47
1657,62,5,2675.72
1658,281,4,1469.96
1659,81,7,3461.08
1660,77,6,2624.36
1661,219,6,5880.33
1662,63,5,1718.12
1663,14,6,2991.52
1664,43,7,3476.36
1665,69,7,3302.05
1666,79,4,1518.85
1667,77,7,5432.4
1668,5,6,2901.97
1669,60,6,3361.1
1670,61,9,5073.96
1671,44,4,1221.85
1672,43,11,5905.78
1673,134,3,748.69
1674,49,5,160.73
1675,102,4,3067.06
1676,88,5,4291.11
1677,99,8,2781.56
1679,137,4,3026.57
1680,113,3,1931.5
1682,83,6,5354.43
1683,83,9,5995.2
1684,17,6,1507.3
1685,26,2,677.18
1686,79,10,5672.85
1688,39,7,2421.65
1689,137,5,3334.23
1690,17,9,2570.54
1691,3,8,3832.92
1692,128,4,1168.43
1693,76,6,3726.31
1695,38,5,3646.3
1696,29,9,6524.77
1697,25,5,3042.48
1699,82,7,3497.23
1700,70,6,1483.48
1702,15,6,2185.44
1703,4,4,761.47
1704,120,2,1678.39
1705,16,4,2109.79
1707,18,8,3463.54
1708,259,4,2225.03
1709,5,5,2059
1710,81,4,1638.52
1712,287,2,781.41
1713,7,7,3889.18
1714,39,6,3372.13
1715,103,3,629.29
1716,135,2,1444.78
1717,47,4,1951.07
1718,25,5,1539.11
1719,20,5,2228.3
1720,24,5,3538.05
1721,1,7,3766.35
1722,5,8,6474.5
1723,18,5,2965.28
1724,104,4,958.58
1725,61,6,5166.55
1726,118,5,4031.76
1727,72,7,3036.05
1728,46,6,3684.49
1729,59,6,3005.33
1730,21,3,418.04
1731,44,11,3521.29
1732,98,5,2263.39
1733,54,5,3170.48
1734,26,2,923
1735,66,4,2417.11
1736,55,6,3759.28
1737,46,3,3531.09
1738,22,4,1841.07
1739,38,4,2395.71
1740,7,8,3770.36
1741,65,3,2725.13
1742,60,6,1942.36
1743,87,7,4448.07
1744,110,3,539.25
1745,6,12,3164.47
1746,106,6,3706.41
1747,191,4,995.38
1748,3,10,4973.95
1750,56,6,5227.98
1752,29,7,3240.2
1753,28,4,2093.21
1755,49,6,3451.34
1756,63,3,2046.4
1758,3,7,1764.85
1759,19,6,2828.17
1760,13,6,3666.94
1761,19,5,3258.95
1762,22,11,5296.31
1763,10,7,3434.38
1764,3,4,1154.06
1765,47,6,4439.48
1766,179,5,1829.25
1767,5,5,3152.29
1768,93,1,437.46
1770,14,7,4366.04
1771,40,5,1932.58
1772,169,4,1648.05
1774,98,4,1168.78
1775,53,5,2480.3
1776,35,6,2607.63
1777,71,6,2651.76
1778,313,2,2040.87
1779,130,6,5042
1780,39,4,1641.05
1781,10,4,1589.86
1782,82,5,3162.64
1784,72,4,1239.28
1785,35,6,2827.73
1786,175,2,963.62
1787,1,6,4865.49
1788,30,9,4979.39
1789,61,3,2066.66
1790,33,5,2258.68
1791,118,6,2595.16
1793,61,6,4960.36
1794,2,4,1713.79
1795,4,6,2882.84
1796,123,2,221.12
1797,55,11,6539.78
1798,14,7,2934.76
1800,172,3,2440.35
1801,66,8,4098.59
1802,14,8,5035.8
1804,32,3,2156.17
1805,91,4,634.65
1806,38,8,4810.5
1807,61,6,2514.96
1808,77,7,7965.28
1809,28,6,3918.15
1810,7,2,168.45
1812,23,9,3980.04
1813,19,6,2137.45
1814,52,6,2459.73
1815,12,5,1964.08
1817,32,11,4244.1
1818,25,7,4516.55
1819,253,2,763.9
1820,36,9,4883.79
1821,25,12,7335.89
1823,162,6,2266.66
1824,13,7,3263.7
1825,41,6,4977.77
1826,41,7,3405.78
1827,39,4,2549.58
1828,151,3,757.25
1829,4,3,1805.92
1830,14,7,4578.9
1831,166,8,2147.3
1832,85,8,5739.57
1833,11,5,2441.37
1834,127,4,4434.93
1835,26,6,1039.03
1836,167,2,1219.86
1837,36,7,4515.25
1838,50,5,4691.45
1839,50,7,2784
1840,99,7,2259.16
1841,37,3,1677.08
1842,212,5,3055.85
1843,113,4,2132.3
1844,42,6,3348.31
1845,22,7,4572.89
1846,334,1,356.5
1847,33,3,1919.83
1848,43,6,4456.95
1850,45,7,5159.72
1851,286,2,881.15
1852,98,4,3257.66
1853,27,9,5184.76
1854,1,3,2135.67
1855,23,4,2257.81
1856,128,2,253.81
1857,88,4,3240.23
1858,22,8,5387.47
1859,77,5,2355.59
1860,12,5,3765.78
1861,30,5,2890.7
1863,247,5,5786.77
1864,25,10,2925.42
1865,100,1,690.49
1866,39,9,8834.6
1867,3,8,3914.7
1868,27,6,7566.25
1869,42,4,1623.43
1870,39,7,4382.2
1871,95,4,2220.26
1872,140,5,2516.5
1873,9,4,2807.58
1875,99,6,3921.26
1876,139,5,4057.63
1877,81,6,1507.82
1878,33,6,2755.93
1879,48,7,1914.39
1881,36,7,5018.98
1882,129,6,4054.85
1885,5,9,6979.28
1886,7,4,2434.76
1887,106,9,6804.44
1888,88,4,3288.04
1889,136,5,3710.54
1890,45,9,6710.76
1891,82,7,4045.2
1893,3,7,3637.17
1894,37,4,1907.65
1895,8,5,541.13
1896,160,3,2411.66
1897,63,7,2502.37
1898,61,6,4787.35
1900,68,4,1017.24
1901,128,7,5809.11
1902,53,5,2134.1
1903,17,4,4098.86
1904,68,3,1604.73
1905,11,9,4833.73
1906,2,6,2957.85
1907,111,4,1014.07
1908,108,6,3725.57
1909,60,6,3456.8
1910,18,3,907.45
1911,62,2,689.11
1912,39,9,3286.01
1913,43,13,3254.53
1914,13,8,2248.17
1915,62,5,2568.05
1916,54,7,4545.8
1917,29,7,5107.25
1918,2,5,3092.75
1919,45,4,1841.25
1920,70,1,90.1
1921,41,1,64.51
1922,94,3,1580.86
1923,16,4,3078.62
1924,26,3,1761.68
1926,6,5,4911.09
1927,91,5,3658.13
1928,35,2,879.48
1929,46,6,1912.36
1930,22,5,2428.87
1931,24,3,384.07
1932,90,8,4328.47
1933,42,8,4271.39
1934,4,6,2439.94
1935,58,6,3568.73
1936,78,8,3553.74
1937,35,6,4274.78
1938,230,4,3014
1939,77,2,201.55
1940,77,4,3259.41
1941,6,4,3130.19
1942,17,8,4675.19
1943,300,3,357.79
1944,6,5,1345.75
1945,116,3,710.07
1946,89,13,4063.82
1947,36,9,3974.81
1949,30,7,3586.71
1950,7,9,3817.14
1951,119,8,4514.84
1952,77,10,2882.8
1953,11,7,3899.78
1954,101,8,4938.28
1955,79,3,1215.92
1956,34,4,1267.19
1957,20,10,5079.91
1958,70,4,1090.71
1959,142,8,3479.22
1960,70,3,2561.05
1961,26,3,3361.67
1962,94,2,758.69
1963,10,2,1828.47
1964,103,6,4239.32
1965,7,5,2093.67
1967,23,5,4348.5
1968,160,5,1810.03
1969,18,6,2623.56
1970,1,8,3660.48
1973,48,4,3371.69
1974,33,5,1601.33
1975,109,2,79.16
1976,136,6,1731.63
1978,153,2,166.78
1979,34,5,4541.84
1980,74,8,4822.39
1981,90,3,2291.97
1982,51,8,3939.17
1983,3,4,3061.8
1984,49,7,7256.08
1985,1,7,2665.3
1987,43,3,711.81
1988,135,8,6006.4
1989,23,4,1659.64
1990,11,7,2263.13
1991,2,10,8256.08
1992,141,10,6658.89
1993,75,8,2784.71
1995,126,6,2094.59
1996,14,7,2525.43
1997,55,5,2854.97
1998,157,4,2715.83
1999,4,7,2424.34
2000,45,3,999
2001,87,8,5347.87
2002,98,3,1637.46
2003,220,2,214.37
2004,47,5,2909.67
2005,6,6,4047.83
2006,148,5,2255.61
2007,24,3,4150.16
2008,30,6,2209.71
2009,6,7,2357.35
2010,35,5,2168.8
2011,316,3,560.48
2012,14,5,2714.3
2013,16,8,4367.1
2014,55,6,2872.41
2015,51,6,2970.6
2016,69,6,2390.89
2017,13,5,3692.86
2018,36,7,2335.54
2019,53,8,4781.23
2020,44,7,4959.64
2021,126,2,90.22
2023,14,10,5132.78
2024,30,6,3558.41
2025,139,4,2183.55
2026,147,4,3447.44
2027,15,7,3237.25
2028,41,7,3648.33
2029,2,9,4156.31
2030,240,4,4622.34
2031,20,4,1998.35
2032,6,2,978.76
2033,12,7,4458.72
2034,90,6,2438.26
2035,128,3,1405.93
2037,99,4,2941.07
2038,14,4,3207.17
2039,200,4,2094.48
2040,97,2,1364.05
2041,81,6,3799.86
2042,12,3,2006.18
2043,140,5,3472.24
2044,6,5,3977.45
2045,56,8,4267.67
2046,34,9,9188.77
2047,280,1,1215.34
2048,58,6,5350
2049,77,5,2532.72
2050,7,4,2099.4
2051,52,6,6140.66
2055,1,9,5563.63
2056,55,2,1028.46
2057,17,6,5006.98
2058,121,7,3634.98
2059,171,4,1500.24
2060,6,11,5875.14
2061,133,6,3867.74
2062,43,5,3465.41
2063,10,5,1823
2064,107,5,3327.04
2065,216,4,2071.89
2066,91,5,2259.29
2067,31,8,3743.8
2068,160,5,3933.88
2069,52,6,5879.97
2070,5,8,4731.2
2072,9,13,4136.84
2075,5,4,2302.54
2076,20,8,5576.17
2077,228,3,2429.72
2078,66,5,1976.44
2079,4,3,2692.83
2080,163,6,3454.88
2081,12,5,2531.96
2082,2,7,2903.17
2085,28,3,2196.35
2086,99,3,949.58
2087,56,5,1624.11
2088,10,6,2927.15
2089,148,2,119.32
2090,164,2,289.37
2091,212,3,2764.61
2092,17,5,3651.03
2093,61,6,3660.48
2094,35,5,1368.37
2095,21,10,6194.3
2096,133,5,4320.42
2097,39,6,4647.42
2098,9,6,2293.67
2099,64,7,4576.76
2100,19,5,2399.56
2101,21,9,5630.14
2102,18,7,3934.99
2103,15,10,6752.63
2104,81,8,2341.58
2105,24,5,5155.91
2106,4,4,3249.41
2107,65,2,892.5
2108,13,3,2077.3
2109,3,8,5263.13
2110,27,6,2299.87
2111,7,9,4790.82
2112,3,4,3696.43
2113,34,4,2989.64
2114,15,6,2997.56
2115,48,2,1168.94
2116,106,4,4128.63
2117,25,5,2724.75
2118,136,6,2385.07
2119,68,4,2795.32
2120,3,8,4543.18
2121,90,9,4204.3
2122,9,2,843.72
2123,196,6,2289.21
2125,14,6,1710.28
2126,26,4,594.06
2127,33,5,1884.62
2128,14,2,1596.3
2129,150,2,873.12
2130,2,8,4253.77
2131,102,5,964.87
2132,19,8,6401.83
2133,121,5,3126.84
2134,82,5,3923.57
2135,339,1,217.51
2136,11,4,3917.47
2137,21,4,1433.8
2138,44,7,4736.45
2139,61,5,5380.68
2140,99,8,4700.15
2141,77,4,2611.75
2142,82,7,5258.12
2143,28,4,2009.42
2144,68,8,5253.88
2145,195,1,299.27
2147,126,3,1419.5
2148,138,4,2346.16
2149,12,8,3416.22
2152,2,9,4281.08
2153,77,7,4042.69
2154,39,6,4268.17
2155,20,11,4113.08
2156,114,6,2495.43
2157,162,2,338.85
2158,51,5,1650.61
2160,48,6,2672.77
2162,54,4,1779.26
2163,71,4,1721.82
2164,69,7,3328.51
2165,1,10,6052.93
2166,59,6,3071.34
2167,145,6,1539.6
2168,3,3,1863.53
2169,118,5,5712.51
2170,29,6,4828.54
2171,35,6,1251.33
2172,30,4,5407.15
2173,158,4,2250.33
2174,82,5,2884.72
2175,59,4,3173.95
2176,29,3,2088.09
2177,99,5,2762.18
2178,78,4,451.6
2179,37,7,3631.27
2180,81,5,3527.78
2181,52,8,1765.32
2182,18,8,4766.82
2183,9,14,6513.3
2184,38,11,7123
2185,137,7,5144.36
2186,155,3,1956.39
2187,64,7,5644.17
2188,71,6,4735.32
2189,41,10,4914.08
2191,13,4,2754.22
2192,43,4,985.77
2193,55,4,2957.42
2194,43,8,6198.41
2195,3,5,4139.25
2196,72,5,985.47
2197,120,3,378.15
2198,26,3,1152.9
2199,25,4,2644.03
2200,255,1,745.94
2201,31,7,6291.68
2202,59,9,5046.64
2203,50,5,3469.05
2204,18,8,3346.58
2205,101,3,1781.91
2206,59,4,1464.66
2207,75,6,3604.14
2209,266,1,445.21
2210,28,9,4888.71
2212,42,6,2722.72
2213,16,5,4212.47
2215,20,2,327.23
2216,75,3,1644.61
2217,23,7,3905.42
2218,22,3,2743.56
2219,62,5,3493.02
2220,86,4,2129.07
2221,95,8,4651.26
2222,60,6,3821.27
2223,55,7,3538.42
2224,288,3,1041.01
2225,209,3,3512.1
2226,50,8,3121.7
2227,41,5,2168.4
2228,169,4,1425.27
2229,22,4,2114.24
2231,65,3,2685.1
2232,60,6,2198.56
2233,64,7,2332.59
2234,155,5,1409.35
2235,81,6,3649.92
2236,2,3,2123.71
2238,142,3,2411.83
2239,33,2,736.73
2240,32,12,6128.3
2241,18,4,1454.39
2242,171,3,898.82
2243,184,3,1115.15
2244,64,5,1796
2245,75,7,3320.78
2246,100,4,2217.49
2247,30,7,4957.3
2248,52,8,3914.5
2252,131,4,1567.57
2253,85,5,1639.55
2254,4,5,2318.89
2255,144,2,1458.7
2256,170,3,1461
2257,65,5,4193.32
2258,53,6,3881.78
2259,162,4,2600.49
2260,18,6,5378.6
2261,36,4,1465.16
2262,76,4,1502.68
2263,36,5,3371.48
2264,154,6,2557.62
2267,100,5,1799.9
2268,36,8,4473.32
2269,48,7,5404.64
2270,130,5,5154.68
2272,105,6,3344.13
2273,27,10,2795.34
2274,56,2,35.74
2275,122,6,5688.29
2276,11,4,2304.77
2277,37,4,2713.72
2278,35,4,279.78
2279,36,8,4008.76
2280,25,5,1702.53
2282,15,6,3131.51
2283,31,7,4474.63
2284,35,7,4735.67
2285,40,7,1796.29
2286,50,5,2878.73
2287,160,2,273.7
2288,30,6,4438.47
2289,60,4,2224.75
2290,73,5,4225.77
2291,108,1,198.22
2292,46,7,4768.85
2293,86,5,1410.53
2294,74,7,5050.26
2295,18,4,3690.26
2296,37,4,3592.5
2297,38,5,4274.88
2298,46,5,2337.75
2299,60,6,3142.75
2301,6,5,4639.99
2302,54,3,2611.15
2303,145,2,969.62
2305,79,4,2178.32
2306,7,4,2513.78
2307,82,11,3887.07
2308,14,9,5077.97
2309,54,12,7161.99
2310,16,6,4022.41
2311,67,5,4460.12
2312,42,4,1578.06
2313,45,6,2842.47
2314,49,3,2355.76
2315,153,5,600.76
2316,47,4,1437.54
2317,54,5,2715.29
2318,17,7,3627.48
2319,10,4,4564.9
2320,25,3,1690.96
2321,162,3,3183.53
2322,68,4,2585.15
2323,213,3,1959.79
2324,79,4,1322.22
2325,122,5,2178.83
2326,113,1,309.81
2327,225,3,2601.79
2328,152,1,356.5
2329,9,5,2276.9
2330,5,3,1203.34
2331,20,7,3707.24
2332,32,4,651.64
2333,93,4,2113.9
2334,70,3,1315.76
2335,12,7,4112.98
2336,75,9,5853.82
2337,173,3,398.43
2338,24,7,3574.31
2339,26,7,2368.37
2340,6,9,4585.4
2341,14,7,4952.23
2343,63,3,3275.66
2344,48,6,2605.09
2345,1,4,4609.14
2346,163,5,3315.32
2347,88,9,5640.43
2348,61,4,831.67
2349,55,5,2500.26
2350,181,4,766.32
2351,56,7,4068.23
2352,37,1,1279.4
2353,82,10,4842.52
2354,37,5,3458.15
2355,71,5,4351.82
2356,147,4,2674.92
2357,41,4,2741.81
2358,4,11,3682.73
2359,83,8,2688.57
2360,28,6,4962.2
2361,23,7,4178.45
2362,46,3,959.32
2363,59,6,3222.99
2364,44,5,4826.5
2365,2,5,2411.63
2366,20,5,2554.42
2367,26,6,4188.12
2368,75,6,4675.97
2369,2,8,6854.59
2370,21,3,1902.53
2371,94,5,2642.95
2372,1,8,2940.03
2373,46,4,2381.74
2374,15,7,5300.04
2375,44,7,5641.47
2376,12,3,1920.43
2377,8,5,4707.55
2378,11,5,2777.48
2379,4,11,8252.73
2380,43,6,4015.95
2381,30,7,2731.88
2382,39,7,1301.43
2383,22,9,5876.07
2384,60,6,3796.7
2385,32,8,4797.13
2386,13,7,5453.86
2387,183,2,147.83
2388,114,7,5387.65
2389,9,3,1030.19
2390,70,6,4636.58
2391,13,9,4852.43
2392,27,5,1547.88
2393,123,2,192.97
2394,91,1,745.94
2395,63,1,57.73
2396,1,4,2198.08
2397,54,9,4002.32
2398,114,3,746.2
2399,39,6,2724.93
2400,20,8,5205.75
2401,22,8,5804.28
2402,79,3,788.28
2403,151,4,767.56
2404,188,5,2978.25
2405,46,5,1853.86
2406,81,4,1341.22
2408,25,3,2824.16
2410,37,6,3695.73
2411,224,4,3483.39
2412,18,6,3903.57
2413,59,7,4523.23
2414,5,3,1757.48
2415,44,5,1844.88
2416,223,2,300.09
2417,23,1,451.65
2418,3,7,5457.09
2419,52,8,2702.5
2420,140,3,1749.57
2421,1,6,409.8
2422,33,5,2606.6
2423,60,1,50.66
2425,9,9,3921.82
2427,4,6,4388.13
2428,38,8,6011.3
2429,223,3,2883.65
2430,116,4,2664.71
2431,219,2,167.63
2432,41,5,2073.65
2433,27,10,5108.66
2434,1,9,6874.53
2435,124,5,2656.67
2436,17,4,1700.17
2437,199,2,375.02
2438,28,7,3058.73
2440,54,3,1067.29
2442,81,6,2619.54
2443,13,6,3040.06
2444,45,4,3270.22
2445,18,5,2205.8
2447,40,7,3068.18
2448,7,6,2580.59
2449,77,5,3150.38
2450,41,2,2365.93
2451,18,3,1602.82
2452,10,4,1147.86
2453,57,6,2587.8
2454,30,10,6272.21
2456,168,5,2439.35
2457,53,6,2757.23
2458,5,7,7756.79
2459,54,11,4737.3
2460,51,4,1204.26
2461,32,6,2067.47
2462,25,5,3481.45
2463,65,8,5972.62
2464,3,13,7817.1
2465,12,9,4384.09
2466,20,5,1576.82
2467,22,5,1961.79
2468,22,9,6900.79
2469,21,7,5796.21
2471,14,5,2490.66
2472,86,6,4181
2473,114,5,2600.73
2474,65,7,4958.1
2475,86,7,6245.25
2476,15,14,7493.23
2477,41,1,802.26
2478,115,6,2231.5
2479,3,6,1732.26
2480,43,5,3382.4
2481,21,7,3836.24
2482,233,3,1400.83
2484,25,5,2143.01
2485,5,5,953.05
2486,230,2,1185.85
2487,99,4,2180.75
2488,19,6,2774.48
2489,41,8,6854.85
2491,106,5,1588.9
2492,8,10,8437.43
2493,55,3,2303
2494,96,6,2938.53
2495,32,8,2232.78
2496,197,5,707.56
2497,47,4,2981.39
2498,8,8,3423.2
2499,176,3,2160.75
2500,24,3,766.42
2501,19,7,1813.87
2502,15,5,2014.63
2503,109,4,2609.51
2505,13,9,3340.35
2507,48,4,3467.88
2508,57,10,6568.91
2509,26,8,3812.53
2510,112,6,5681.3
2511,33,4,2152.69
2512,112,6,1594.34
2513,107,7,3831.16
2514,47,3,1853.3
2516,84,3,825.25
2517,146,3,2945.85
2518,71,5,4636.72
2519,109,4,456.63
2520,12,5,2283.55
2521,209,3,2105.39
2523,15,9,4572.03
2524,185,6,2222.37
2525,304,1,217.51
2526,54,6,2467.14
2527,41,7,4600.01
2528,26,7,4870.35
2529,99,7,4083.33
2530,10,6,1691.11
2531,6,7,3162.37
2533,19,3,1710.62
2534,46,7,1900.93
2535,15,6,3065.02
2536,8,6,4622.41
2537,23,11,6157.03
2539,41,5,2862.41
2540,21,7,3511.36
2541,21,2,1918.88
2542,44,7,6559.26
2543,23,4,4303.86
2544,33,6,3044.8
2545,118,3,1970.78
2546,20,4,974.54
2547,185,3,703.83
2548,4,12,5981.75
2549,58,4,2211.56
2550,12,5,3128.27
2551,266,4,2445.3
2554,60,5,2883.96
2555,2,5,5495.54
2559,13,6,2187.2
2560,46,11,5595.44
2562,102,7,3848.22
2563,58,5,1715.61
2564,48,5,1144.35
2565,30,9,7496.36
2566,18,10,3154.78
2567,72,4,1829.58
2568,73,4,1232.95
2569,76,7,3935.08
2570,94,7,4345.31
2571,46,3,2222.29
2572,80,8,4558.42
2573,15,4,2007.83
2575,11,5,2118
2576,79,7,2522.18
2577,94,6,2095.22
2578,39,4,1955.78
2579,50,3,788.5
2580,65,8,5690.45
2582,53,5,2912.81
2583,93,4,2652.07
2584,39,5,2208.24
2585,6,7,3498.11
2586,20,3,1145.04
2587,65,9,4776.43
2588,179,3,3493.49
2590,51,6,5483
2592,38,8,6490.3
2593,61,4,937.82
2594,92,6,4895.55
2595,45,8,4631.38
2596,73,5,3854.79
2597,6,6,4017.66
2598,88,5,3931.13
2599,54,6,2866.09
2600,172,3,3233.77
2601,37,8,4582.12
2602,72,7,4041.79
2603,15,7,4657.99
2604,87,6,2795.79
2605,116,5,4346.57
2606,6,10,4718.43
2607,6,8,1943.51
2608,18,7,1553.46
2609,188,7,2569.94
2610,113,8,5598.91
2611,3,7,2609.86
2612,210,2,1145.41
2615,56,9,5517.12
2616,43,11,6417.95
2618,8,10,3007.93
2619,77,2,2659.57
2620,31,8,4919.55
2621,10,7,3235.99
2622,17,7,3800.03
2623,11,4,3633.61
2624,28,4,2083.56
2625,85,4,1764.47
2626,42,4,2023.95
2627,34,6,4375.27
2628,174,4,1808.92
2629,45,5,4119.06
2630,63,10,4794.58
2631,28,3,866.46
2634,190,3,798.28
2635,69,8,5178.56
2636,31,3,407.96
2637,55,11,11222.65
2638,84,9,4047.25
2639,32,5,3676.22
2640,68,11,4246.56
2641,12,7,2661.43
2642,21,2,1915.87
2643,55,3,348.09
2644,61,2,1607.27
2645,33,6,1500.81
2646,120,5,2013.52
2647,18,7,3791.2
2648,36,5,4384.85
2649,130,4,3870.96
2650,26,6,2394.82
2651,16,7,6073.49
2652,24,5,5319.91
2653,4,9,7365.48
2654,109,9,5504.95
2655,158,6,4527.94
2656,139,7,4142.75
2657,183,3,2648.85
2659,1,12,8143.93
2661,9,5,3638.75
2662,63,9,6500.3
2663,165,5,2037.02
2664,135,7,3303.71
2665,31,3,3383.62
2666,257,4,1424.82
2667,99,5,2515.43
2668,62,5,1542.41
2669,49,3,1280.07
2670,59,3,1311.39
2671,101,7,3015.83
2672,16,8,2415.16
2673,91,5,1142.54
2674,45,5,3478.14
2675,96,5,2643.24
2676,6,6,2943.88
2678,114,5,2932.34
2679,86,6,3337.87
2680,17,8,3542.31
2681,51,5,2561.48
2682,39,8,3092.62
2683,17,6,4760.68
2684,39,9,6337.4
2686,25,11,6119.73
2687,18,7,3107.24
2688,89,3,1017.75
2689,2,5,1614.96
2690,110,4,1082.15
2691,61,8,3088.92
2692,41,3,854.24
2693,2,6,2772.31
2694,30,4,1536.9
2695,5,8,8104.58
2696,152,4,4142.87
2697,34,7,4623.16
2698,13,7,3987.65
2699,61,5,1757.44
2700,72,4,1652.12
2701,53,9,4863.47
2702,20,8,7613.27
2704,236,3,513.58
2705,3,8,5470.7
2706,124,3,1343.61
2707,44,3,1323.22
2708,12,3,1879.32
2711,64,6,2814.87
2712,17,6,4116.13
2713,1,2,755.3
2714,9,5,1252.46
2715,105,5,3221.81
2716,144,4,1036.05
2717,42,9,4465.46
2718,222,6,3484.03
2719,11,3,1101.08
2720,149,4,902.04
2723,41,8,6591
2724,143,4,1980.71
2725,177,4,353.35
2726,28,9,5184.97
2727,50,5,4757.21
2728,8,8,4054.59
2729,7,6,5280.35
2730,5,7,1604.23
2731,4,4,1513.52
2732,17,9,2787.95
2733,29,9,7827.41
2735,149,2,836.04
2736,43,5,2449.81
2738,60,4,1177.21
2739,243,2,456.42
2740,27,8,4905.53
2741,20,2,1246.79
2742,96,3,2031.17
2743,47,2,1428.62
2744,126,3,1264.73
2745,268,2,2772.1
2746,9,3,2316.34
2747,15,8,6371.15
2748,7,4,2059.83
2749,35,1,327.98
2751,4,8,3819.81
2752,13,4,3250.72
2753,68,11,5203.18
2754,187,3,3273.01
2755,29,11,4904.13
2759,111,5,3775.9
2760,32,4,1617.96
2761,8,9,5082.02
2763,20,9,2910.2
2766,48,6,6233.3
2767,49,3,803.97
2768,24,6,3420.58
2769,47,6,4177.84
2770,31,9,10028.8
2771,45,5,4754.2
2772,26,5,2446.21
2773,5,4,2293.13
2775,13,6,1922.19
2777,104,6,3307.11
2778,10,5,3348.47
2780,3,5,3092.12
2781,74,4,1289.35
2782,171,5,3450.83
2783,74,11,2757.77
2784,75,3,1075.06
2785,46,6,3411.62
2786,4,6,2718.29
2787,38,6,6153
2788,45,11,9061.47
2789,25,2,549.09
2790,78,3,903.66
2791,15,6,5887.66
2792,219,3,1888.83
2793,35,7,3730.38
2794,6,7,6417.06
2795,226,2,1208.31
2796,9,7,3816.43
2798,155,5,799.85
2799,30,8,5460.14
2800,42,5,352.23
2802,173,3,456.18
2803,31,6,2743.41
2804,59,7,3495.92
2806,69,8,3420.13
2807,354,1,133.78
2808,7,5,5190.91
2809,84,3,1182.96
2811,26,5,2448.48
2812,88,6,4558.55
2813,205,4,2395.43
2814,14,4,3232.82
2816,9,10,5878.47
2817,16,3,1616.56
2818,100,4,3700.78
2819,163,4,2500.31
2820,59,7,4695.94
2821,52,5,1471.91
2822,12,8,5340.29
2823,13,4,1636.08
2824,123,6,5278.02
2825,113,4,1854.53
2826,12,12,6755.16
2829,145,2,1747.08
2830,96,5,2490.76
2831,15,5,3975.17
2832,24,8,3531.57
2835,229,3,328.77
2836,14,9,4508.75
2838,16,3,1554.34
2839,18,8,2693.04
2840,17,4,811.67
2841,17,7,6522.28
2843,21,6,4117.49
2845,48,8,2497.72
2846,16,3,799.32
2847,45,7,4509.11
2848,14,4,3121.17
2850,8,8,5043.07
2851,10,7,4041.18
2852,104,4,2403.99
2853,82,8,4610.6
2854,84,3,2292.91
2855,40,2,63.83
2856,7,7,5583.33
2857,114,6,5373.63
2858,109,4,3119.32
2859,11,8,4153.82
2860,9,9,8357.7
2861,74,8,4518.27
2862,15,5,1870.13
2863,176,1,167.21
2864,18,4,3023
2865,1,7,5283.91
2867,96,5,1087.18
2868,26,4,2129.53
2871,21,6,2345.94
2872,25,7,3109.93
2873,105,3,2127.43
2874,61,11,7910.31
2875,36,4,3231.91
2877,42,8,3642.02
2878,1,3,784.91
2879,15,8,5572.11
2880,19,8,4772.56
2881,73,6,3646.67
2882,295,2,1486.38
2883,50,7,5553.21
2884,15,7,3913.44
2885,95,9,4839.41
2886,40,8,4022.79
2887,25,9,6202.9
2888,30,6,5055.73
2889,106,5,4722.62
2890,87,6,3395.62
2891,63,7,4629.95
2892,13,5,4015.02
2893,60,3,3533.56
2894,87,8,7095.4
2895,259,2,950.56
2896,195,2,1319.83
2897,47,5,2828.37
2898,79,4,2343
2899,31,6,2554.49
2900,62,3,2041.2
2902,197,2,899.76
2903,27,3,1370.8
2904,24,7,3163.39
2905,9,4,689.79
2906,46,4,1408.35
2907,75,7,5213.35
2908,2,6,2066.49
2909,84,7,4644.23
2910,88,7,2752.29
2911,284,2,687.51
2913,90,6,1548.65
2914,13,12,6835.96
2915,34,7,1661.98
2916,25,5,1571.39
2919,22,6,3489.33
2920,100,2,1774.7
2922,2,4,2947.71
2923,14,7,3149.25
2924,65,5,2485.92
2925,94,5,2770.16
2926,144,4,1341.68
2927,100,3,2440.02
2928,176,5,3739.81
2929,2,8,5308.78
2930,72,6,3166.93
2931,58,6,1700.55
2932,20,10,5823.71
2933,96,5,1241.68
2934,62,6,3777.26
2936,60,6,5099.85
2937,8,7,6294.38
2938,126,5,4655.53
2939,91,4,1600.41
2940,95,7,4384.62
2942,10,7,3126.29
2943,53,6,1991.84
2944,31,6,1458.81
2945,50,3,397.23
2948,112,5,2670.13
2950,76,3,645.99
2951,86,9,4729.73
2952,28,5,2543.89
2953,76,5,2881.21
2954,7,5,2244.83
2955,20,8,4306.13
2956,98,7,2683.67
2957,99,3,2844.83
2958,5,6,1850.99
2959,135,3,1835.26
2960,89,3,2935.67
2961,3,6,6234.87
2962,78,3,444.65
2963,214,4,1130.39
2964,169,2,2411.89
2966,33,5,2629.22
2967,11,3,2466.28
2968,172,7,1644.27
2969,12,6,2998.03
2970,99,4,1111.11
2971,28,3,1511.32
2973,94,4,2016.03
2974,160,2,255.19
2975,170,3,2020.68
2976,7,4,3521.63
2977,10,5,1936.24
2978,148,3,827.71
2979,128,3,990.59
2980,16,6,2573.04
2981,53,6,1260.26
2982,118,7,6366.75
2983,130,5,3344.17
2984,159,4,3820.01
2985,39,10,6308.16
2987,53,4,2029.31
2988,33,8,3034.97
2989,71,9,6845.06
2990,15,7,2584.69
2991,76,6,2602.52
2992,10,8,6871.54
2993,10,7,4095.63
2994,16,3,179.84
2996,22,3,1751.72
2997,32,6,2035.02
2998,67,3,2511.7
2999,9,11,8095.2
3000,43,4,3354.27
3001,105,4,3378.57
3002,45,6,1784.32
3003,112,9,5168.14
3004,114,5,3550.04
3005,190,3,2602.31
3007,4,7,4500.3
3011,36,4,1349.76
3012,4,6,6440.13
3013,5,9,3849.19
3014,20,9,4656.84
3015,47,9,6616.36
3016,1,5,4253.5
3017,177,4,3281.67
3018,20,5,1798.21
3019,65,3,1138.54
3020,23,11,2638.1
3023,133,4,661.94
3025,126,2,1652.3
3026,93,5,1434.95
3027,32,5,1393.66
3028,54,4,2978.23
3029,122,4,1922.75
3030,25,7,2713.38
3031,3,5,2910.87
3032,41,7,6183.31
3033,159,2,1418.21
3034,49,5,2661.28
3035,39,5,2429.16
3036,157,5,3750.72
3037,186,3,1404.96
3038,47,6,3194.93
3041,125,2,1211.57
3042,12,6,1629.25
3043,12,4,2535.47
3044,5,9,5793.33
3045,66,5,4393.86
3046,229,4,3172.13
3047,35,5,3909.14
3048,5,12,6996.35
3052,55,2,666.31
3053,194,4,2338.53
3054,3,5,3330.78
3055,59,10,5955.54
3056,20,4,1246.69
3057,29,7,5049.14
3058,25,5,5935.45
3059,143,2,2731.31
3060,30,11,5684.73
3061,60,9,3232.76
3062,47,6,2857.68
3063,93,4,263.28
3064,56,7,2410.92
3065,6,5,1367.38
3066,165,4,1516.28
3067,40,6,3575.9
3068,80,6,3084.65
3069,71,3,1775.48
3070,120,4,399.21
3071,159,4,473.43
3072,68,7,3373.78
3073,252,3,1264.33
3074,11,7,4781.58
3076,210,4,1904.31
3077,17,7,3672.15
3078,170,3,1750.43
3079,132,4,1903.52
3080,5,9,4665.71
3081,107,6,5502.82
3084,16,6,3082.9
3085,26,4,1493.41
3086,12,9,5713.88
3087,85,6,3708.87
3089,28,4,3618.44
3090,199,5,3132.29
3091,308,2,1323.12
3092,161,3,920.72
3093,69,9,2964.62
3094,162,7,2859.96
3095,37,5,2799.49
3096,16,3,2717.1
3097,61,3,2427.07
3098,39,4,2968.25
3100,21,4,3919.57
3101,62,3,470.8
3102,107,4,2883.51
3103,60,8,5040.88
3104,50,5,3491.38
3105,11,6,4916.08
3107,96,3,3113.13
3108,54,7,5916.21
3109,170,5,3080.63
3110,18,3,1429.54
3111,49,4,1381.19
3112,12,8,3035.96
3113,110,8,4144.86
3114,141,3,1755.06
3115,196,5,4020.91
3117,26,9,8531.16
3118,13,9,6243.82
3120,21,7,4179.11
3121,49,6,3164.13
3123,1,4,1248.49
3124,39,3,401.5
3125,10,4,1702.43
3126,41,7,4780.79
3127,36,4,3898.5
3128,105,5,3687.54
3129,17,5,3590.37
3130,1,5,3792.78
3132,24,5,3426.54
3133,12,6,2323.16
3135,122,7,3983.97
3136,26,4,1210.21
3137,117,6,1545.83
3138,70,4,3168.15
3139,12,3,1783.8
3140,41,3,673.21
3141,71,7,1696.39
3142,13,4,900
3143,21,11,3361.84
3144,65,3,665.17
3145,69,6,4067.64
3146,55,7,6399.64
3148,56,6,3460.33
3149,23,3,2036.78
3150,88,7,1234.13
3151,14,9,2916.57
3152,12,6,2168.41
3153,128,5,4732.48
3154,15,7,2243.1
3155,44,4,1250.08
3158,17,6,2532.4
3160,53,4,2307.21
3162,111,2,2133.88
3163,15,6,1496.78
3164,99,5,2601.59
3165,78,8,3167.89
3166,48,6,4710.42
3167,74,3,2208.52
3168,92,4,5170.51
3169,1,7,4539.95
3170,45,6,4344.71
3171,76,3,2072.72
3173,46,6,4681.85
3174,25,6,2346.62
3175,261,3,1801.14
3176,25,9,2701.29
3177,69,6,2090.99
3178,30,5,4339.76
3179,269,1,459.46
3180,146,2,1189.2
3181,10,6,5001
3183,12,8,2059.05
3184,69,8,5310.3
3185,19,7,1939.76
3187,64,5,1034.7
3188,117,5,1363.16
3189,57,2,50.18
3191,8,8,5673.64
3192,189,4,2865.09
3193,11,6,2362.31
3194,87,2,649.87
3195,50,8,3143.73
3196,51,7,2929.01
3197,4,5,2762.32
3198,102,4,3989.35
3199,14,8,6329.52
3200,40,5,1001.75
3201,22,7,5655.87
3202,12,8,4083.36
3203,8,3,1744.21
3204,35,8,3417.46
3205,97,6,2261.79
3206,76,7,2991.01
3208,54,7,3922.88
3209,10,4,1732.03
3210,10,5,2023.69
3211,36,3,2302.94
3212,100,7,7666.65
3214,69,4,2969.77
3215,67,7,7247.33
3216,1,4,1236.19
3217,9,11,5564.08
3218,217,4,1382.55
3219,28,8,2096.27
3220,41,8,4304.22
3221,112,9,4743.61
3222,16,2,808.85
3223,36,7,4540.47
3224,52,9,4001.52
3225,9,7,4805.02
3228,41,7,5814.45
3230,70,5,3890
3232,9,13,8903.62
3233,81,3,781.46
3234,150,2,943.2
3235,223,1,574.62
3237,177,7,3919.85
3238,30,5,2076.89
3239,3,6,1768.67
3240,54,9,5085.84
3241,8,6,3695.15
3242,50,7,8252.69
3243,164,4,1202.87
3244,22,4,1007.13
3245,94,6,1935.51
3246,100,5,1947.8
3247,45,8,3802.55
3248,59,4,872.39
3249,34,7,6210.72
3251,8,11,6264.88
3252,19,7,2574.5
3253,6,3,4031.65
3254,32,6,1592.05
3255,3,6,5322.56
3256,13,10,7287.87
3257,7,3,2064.46
3258,18,8,4821.9
3259,33,2,421.01
3260,125,3,1938.37
3262,2,10,4290.81
3263,24,5,843.71
3265,89,7,741.13
3266,72,7,2269.93
3268,133,6,4250.46
3269,36,4,1892.56
3270,123,5,2201.06
3271,91,4,1783.14
3272,296,1,41.13
3273,66,7,6133.65
3275,5,4,1581.05
3276,81,5,3655.39
3277,38,5,2535.98
3278,23,5,3216.13
3279,298,1,690.49
3280,135,8,6881.08
3281,60,2,987.82
3282,17,4,2504.28
3283,45,6,4368.41
3284,279,6,2969.04
3285,20,5,2354.97
3286,10,10,5314.97
3287,77,3,3199.1
3288,33,6,4430.64
3289,70,5,3476.23
3291,47,4,2199.04
3292,302,1,15.08
3293,1,5,3649.71
3294,63,4,2826.89
3295,20,8,5246.61
3296,65,11,4920.72
3297,59,6,1521.43
3298,5,5,4214.38
3299,31,5,2747.57
3300,16,6,3936.44
3301,43,5,1929.78
3302,21,4,1428.22
3303,21,5,2547.01
3305,40,2,124.79
3306,41,5,3473.13
3307,17,5,4311.99
3308,68,3,953.15
3309,25,5,2221.5
3310,52,5,3121.04
3311,66,4,1705.39
3312,7,4,3123.03
3315,2,7,4892.17
3316,21,2,1924.03
3317,88,4,1213.31
3320,138,10,2739.5
3321,97,3,324.78
3322,142,3,1066.19
3323,191,3,1142.75
3324,32,7,2986.96
3325,46,5,3028.2
3326,30,13,10422.04
3327,57,7,3615.58
3328,41,4,2068.3
3331,37,5,3159.58
3332,6,6,2799.26
3333,192,5,1911.08
3334,74,8,2428.32
3335,4,6,2679.58
3336,75,6,5824.48
3339,39,5,1119.95
3340,114,6,2364.51
3341,50,4,921.62
3343,79,5,1294.66
3344,11,7,3962.06
3346,49,3,1511.57
3347,108,5,2978.04
3348,130,3,1136.03
3349,222,5,2496.51
3350,39,6,5796.16
3351,40,6,3138.49
3352,38,6,2788.69
3353,31,7,2608.46
3355,1,5,2464.61
3356,5,5,2799.7
3357,36,4,1441
3358,38,6,4447.21
3359,98,4,1120.87
3360,58,8,4179.51
3361,45,6,4752.7
3362,87,3,558.49
3363,5,6,1800.72
3364,121,5,3473.79
3365,72,6,4003.36
3366,45,4,2264.1
3367,83,6,4779.07
3368,30,5,3153.48
3369,77,6,2672.28
3370,43,6,3779.55
3371,42,9,4677.69
3373,45,5,4048.46
3374,2,4,5034.57
3375,13,8,4285.94
3379,21,6,5599.08
3380,64,5,2793.81
3381,196,5,4829.4
3382,20,10,4222.77
3383,30,5,4177.32
3385,55,3,1175.54
3386,8,4,2522.69
3387,83,8,5318.69
3388,104,7,3318.49
3389,55,6,4462.32
3392,75,1,114.93
3393,3,5,2095.77
3394,20,5,4073.2
3396,72,2,119.73
3397,90,2,808.85
3399,38,4,3084.76
3400,27,4,1402.9
3401,67,6,3847.02
3402,13,9,6036.19
3403,134,4,3253.38
3404,52,4,2430.52
3405,53,9,6167.71
3406,47,10,5463.64
3407,19,7,3471.07
3408,23,5,1355.24
3409,74,7,3009.3
3411,31,7,5772.78
3412,45,3,1834.47
3413,26,4,4076.18
3414,163,3,1734.6
3415,103,5,4593.82
3417,96,8,3975.14
3418,91,5,2033.01
3419,6,3,2591.33
3420,6,11,6808.18
3421,29,9,4255.89
3422,33,5,2127.64
3423,78,4,751.32
3424,154,2,2056.27
3425,19,6,3350.14
3426,46,6,3713.52
3427,2,8,3921
3428,92,1,509.97
3430,64,7,1653.02
3431,29,10,6022.12
3432,107,8,3707.7
3433,1,10,5925.74
3434,65,5,1831.51
3435,137,5,2294.25
3437,103,5,2340.72
3438,175,5,3180.64
3439,75,6,2109.28
3440,33,5,1243.65
3441,139,5,2119.43
3442,204,4,1535.84
3443,30,6,3128.74
3444,40,2,1447.98
3445,15,6,3864.46
3446,5,2,308.78
3448,11,5,2616.8
3449,150,4,1541.16
3450,99,6,5577.06
3451,16,9,4489.09
3452,3,2,1820.57
3453,73,6,2341.29
3454,116,5,1340.11
3455,10,6,1766.48
3458,109,3,1740.37
3460,81,8,7584.64
3461,137,7,4233.2
3462,22,5,4416.71
3463,58,4,993.92
3465,73,9,4256.18
3466,69,3,272.79
3467,6,6,5135
3468,2,6,1705.43
3469,39,3,320.19
3470,3,8,7228.8
3471,149,4,1914.1
3472,6,6,2779.58
3473,13,4,1504.21
3474,72,5,2358.99
3475,4,4,2515.14
3477,65,7,3106.49
3478,30,6,4297.85
3481,55,7,2438.45
3482,28,8,5549.59
3483,118,6,2193.04
3484,80,6,5112.11
3485,26,2,1720.35
3486,10,4,2972.34
3487,11,3,1837.75
3488,18,2,815.95
3489,109,6,2644.44
3490,167,5,2379.57
3491,190,4,1430.28
3492,81,3,2193.81
3493,94,6,3728.88
3494,5,4,2755.11
3495,14,7,3847.65
3496,257,4,2045.84
3497,53,3,1648.32
